{
  "pdf_b98ccf5f849dcd57": {
    "extract_time": 49.17757487297058,
    "split_count": 93,
    "split_time": 0.0005328655242919922,
    "embed_persist_time": 8.772182941436768,
    "total_time": 58.04937386512756
  },
  "pdf_89c7c8d8518f435e": {
    "extract_time": 49.03060793876648,
    "split_count": 96,
    "split_time": 0.0,
    "embed_persist_time": 9.1893150806427,
    "total_time": 58.4314923286438
  },
  "pdf_d61268fc38edc9d8": {
    "extract_time": 49.14789962768555,
    "split_count": 93,
    "split_time": 0.0,
    "embed_persist_time": 9.437494993209839,
    "total_time": 58.693819522857666
  },
  "pdf_169dcce3d5324d32": {
    "extract_time": 50.26404166221619,
    "split_count": 135,
    "split_time": 0.002991199493408203,
    "embed_persist_time": 8.583094835281372,
    "total_time": 58.93313789367676
  },
  "pdf_96663cf30ca68581": {
    "extract_time": 0.1821126937866211,
    "split_count": 2,
    "split_time": 0.01591777801513672,
    "embed_persist_time": 12.85832929611206,
    "total_time": 13.194364309310913
  },
  "pdf_48fe1f128e26dcba": {
    "extract_time": 0.09314370155334473,
    "split_count": 4,
    "split_time": 0.0,
    "embed_persist_time": 12.736241579055786,
    "total_time": 12.979560375213623
  },
  "pdf_d6eee7f02c844b97": {
    "extract_time": 8.3906569480896,
    "split_count": 191,
    "split_time": 0.003999948501586914,
    "embed_persist_time": 6.6526875495910645,
    "total_time": 15.067232131958008
  },
  "doc_f6ab6e258465d951": {
    "extract_time": 0.0011463165283203125,
    "split_count": 2,
    "split_time": 0.0,
    "embed_persist_time": 7.5999860763549805,
    "total_time": 7.602143049240112
  },
  "doc_1d4c9b943d01ba03": {
    "extract_time": 0.0010106563568115234,
    "split_count": 2,
    "split_time": 0.0011739730834960938,
    "embed_persist_time": 5.765343189239502,
    "total_time": 5.768786430358887
  },
  "doc_89c7c8d8518f435e": {
    "extract_time": 16.709723234176636,
    "split_count": 96,
    "split_time": 0.0039174556732177734,
    "embed_persist_time": 12.642245292663574,
    "total_time": 29.45029926300049
  },
  "doc_169dcce3d5324d32": {
    "extract_time": 23.34467887878418,
    "split_count": 135,
    "split_time": 0.014685869216918945,
    "embed_persist_time": 9.410897493362427,
    "total_time": 32.93396878242493
  },
  "doc_392079043b4ac35b": {
    "extract_time": 160.91680669784546,
    "split_count": 317,
    "split_time": 0.009603261947631836,
    "embed_persist_time": 15.484837532043457,
    "total_time": 176.43038153648376
  },
  "doc_7d771effbcfb6b3a": {
    "extract_time": 146.70806503295898,
    "split_count": 843,
    "split_time": 0.04138946533203125,
    "embed_persist_time": 36.93777656555176,
    "total_time": 183.76969289779663
  }
}